{"stats":{"minecraft:picked_up":{"minecraft:book":21,"minecraft:stick":2,"minecraft:raw_iron":1,"minecraft:wheat":4,"minecraft:wooden_pickaxe":1,"minecraft:potato":71,"farmersdelight:tomato_seeds":3,"minecraft:oak_log":6,"minecraft:carrot":43,"minecraft:light_blue_bed":2,"farmersdelight:tomato":1,"beachparty:rubber_ring_pelican":1,"minecraft:wheat_seeds":7,"minecraft:hay_block":26,"minecraft:oak_sapling":2,"minecraft:cobblestone":12},"minecraft:crafted":{"blue_skies:blue_journal":1,"minecraft:oak_planks":24,"minecraft:crafting_table":1,"minecraft:stick":8,"minecraft:wooden_pickaxe":1,"minecraft:stone_pickaxe":1},"minecraft:custom":{"minecraft:time_since_rest":4604,"minecraft:waystone_activated":1,"minecraft:interact_with_furnace":3,"minecraft:sprint_one_cm":75815,"minecraft:damage_taken":40,"minecraft:walk_one_cm":90867,"minecraft:drop":12,"minecraft:traded_with_villager":1,"minecraft:interact_with_crafting_table":4,"minecraft:swim_one_cm":3449,"minecraft:talked_to_villager":1,"minecraft:fly_one_cm":5669,"minecraft:open_barrel":2,"minecraft:open_chest":25,"minecraft:crouch_one_cm":112,"minecraft:play_time":29547,"minecraft:sneak_time":57,"minecraft:walk_under_water_one_cm":389,"minecraft:jump":109,"minecraft:time_since_death":29547,"minecraft:walk_on_water_one_cm":2264,"minecraft:sleep_in_bed":3,"minecraft:total_world_time":29547,"minecraft:climb_one_cm":2482,"minecraft:fall_one_cm":1634},"minecraft:dropped":{"minecraft:potato":7,"mca:book_romance":1,"minecraft:wheat_seeds":5,"beachparty:rubber_ring_pelican":1,"minecraft:wooden_pickaxe":2},"minecraft:used":{"minecraft:wheat_seeds":2,"farmersdelight:tomato":1,"minecraft:bread":2,"minecraft:stone_pickaxe":10,"minecraft:wooden_pickaxe":3,"minecraft:leather_chestplate":1,"minecraft:light_blue_bed":1,"minecraft:crafting_table":1,"minecraft:oak_sapling":2,"minecraft:potato":9,"beachparty:rubber_ring_pelican":1},"minecraft:mined":{"minecraft:hay_block":26,"minecraft:light_blue_bed":2,"minecraft:iron_ore":1,"minecraft:bookshelf":7,"minecraft:oak_log":6,"farmersdelight:wild_tomatoes":3,"minecraft:stone":12,"minecraft:oak_leaves":1}},"DataVersion":3465}