{"stats":{"minecraft:killed_by":{"minecraft:creeper":1,"minecraft:pillager":2,"quark:forgotten":3,"irons_spellbooks:summoned_skeleton":1,"minecraft:enderman":2,"blue_skies:armored_frost_spirit":1,"irons_spellbooks:necromancer":2},"minecraft:crafted":{"minecraft:smooth_stone":3,"minecraft:oak_planks":56,"blue_skies:turquoise_stone_pickaxe":1,"minecraft:stone":3,"quark:cherry_chest":8,"blue_skies:aquite":13,"blue_skies:aquite_helmet":1,"minecraft:bow":1,"minecraft:iron_boots":1,"blue_skies:aquite_pickaxe":1,"regions_unexplored:willow_planks":44,"stalwart_dungeons:iron_hammer":1,"blue_skies:starlit_stick":16,"blue_skies:blue_journal":1,"malum:encyclopedia_arcana":1,"blue_skies:aquite_leggings":1,"beachparty:mini_fridge":1,"minecraft:crafting_table":3,"minecraft:wooden_pickaxe":1,"minecraft:iron_helmet":1,"minecraft:copper_ingot":15,"minecraft:hay_block":6,"blue_skies:bluebright_crafting_table":3,"minecraft:iron_chestplate":1,"minecraft:shield":1,"blue_skies:pyrope_pickaxe":1,"minecraft:stick":48,"quark:oak_chest":4,"minecraft:iron_ingot":47,"blue_skies:aquite_boots":1,"minecraft:iron_pickaxe":1,"minecraft:stone_sword":1,"minecraft:gold_ingot":2,"minecraft:shears":1,"blue_skies:turquoise_stone_axe":1,"minecraft:cherry_planks":64,"blue_skies:bluebright_planks":20,"minecraft:furnace":3,"blue_skies:zeal_lighter":1,"minecraft:cherry_sapling":4,"minecraft:bone_meal":48,"malum:processed_soulstone":4,"minecraft:iron_axe":3,"blue_skies:turquoise_stone_sword":1,"doggytalents:giant_stick":1,"malum:crude_scythe":1,"minecraft:stone_pickaxe":1,"regions_unexplored:willow_slab":6,"blue_skies:pyrope_boots":1,"regions_unexplored:magnolia_planks":48,"botania:lexicon":1,"minecraft:stone_axe":1,"minecraft:air":0,"blue_skies:bluebright_stick":12,"minecraft:iron_shovel":7,"minecraft:iron_leggings":1,"blue_skies:starlit_planks":64,"minecraft:torch":140},"minecraft:picked_up":{"minecraft:iron_chestplate":1,"minecraft:wheat":5,"regions_unexplored:magnolia_log":12,"regions_unexplored:magnolia_shrub":1,"minecraft:string":6,"regions_unexplored:prismarite_cluster":16,"minecraft:raw_copper":15,"blue_skies:starlit_sapling":4,"minecraft:experience_bottle":1,"minecraft:cobbled_deepslate":15,"minecraft:gold_nugget":4,"minecraft:cobblestone_slab":5,"minecraft:azalea":1,"minecraft:coal_block":11,"irons_spellbooks:inscription_table":2,"minecraft:furnace":4,"minecraft:iron_boots":1,"blue_skies:snowcap_mushroom":3,"minecraft:stick":60,"quark:cherry_chest":1,"minecraft:torch":63,"regions_unexplored:pink_magnolia_shrub":1,"minecraft:cherry_log":192,"regions_unexplored:daisy":1,"blue_skies:bluebright_crafting_table":2,"minecraft:rotten_flesh":62,"regions_unexplored:mauve_log":12,"minecraft:carved_pumpkin":1,"blue_skies:warding_pearl":1,"hexerei:herb_drying_rack":1,"supplementaries:ash":17,"minecraft:cobblestone":113,"minecraft:water_bucket":1,"blue_skies:brewberry":5,"regions_unexplored:cherry_shrub":2,"regions_unexplored:white_magnolia_shrub":2,"minecraft:smoker":1,"minecraft:potato":73,"farmersdelight:bacon":8,"minecraft:tuff":8,"supplementaries:flax_seeds":1,"farmersdelight:cooked_bacon":8,"farmersdelight:tomato":1,"minecraft:dirt":1254,"minecraft:lantern":2,"farmersdelight:mutton_chops":6,"minecraft:bone":22,"iter_rpg:ametrine_nugget":1,"minecraft:wheat_seeds":29,"minecraft:bow":3,"minecraft:orange_tulip":1,"minecraft:raw_gold":2,"malum:earthen_spirit":1,"minecraft:fletching_table":1,"blue_skies:starlit_stick":1,"botania:gray_mystical_flower":2,"blue_skies:snowcap_pinhead":2,"malum:raw_soulstone":2,"botania:yellow_double_flower":1,"blue_skies:brumble":1,"iter_rpg:stone_geode":1,"iter_rpg:abyssquartz_block":5,"regions_unexplored:pink_lupine":16,"farmersdelight:cooked_mutton_chops":4,"beachparty:rubber_ring_pelican":1,"minecraft:polished_blackstone_button":1,"iter_rpg:abyssquartz_shard":41,"regions_unexplored:clover":1112,"minecraft:granite":3,"blue_skies:turquoise_stonebrick":18,"regions_unexplored:willow_log":11,"minecraft:emerald":2,"minecraft:oak_sapling":2,"minecraft:crafting_table":1,"blue_skies:star_flare":3,"minecraft:leather_leggings":1,"minecraft:packed_ice":2,"minecraft:wooden_pickaxe":1,"blue_skies:bluebright_sapling":2,"blue_skies:municipal_monkfish":1,"minecraft:cracked_stone_bricks":1,"farmersdelight:beef_patty":10,"minecraft:candle":55,"minecraft:player_head":1,"minecraft:iron_nugget":5,"minecraft:sugar_cane":11,"minecraft:raw_iron":96,"regions_unexplored:ash_vent":5,"farmersdelight:minced_beef":10,"regions_unexplored:blue_lupine":22,"farmersdelight:tomato_seeds":3,"minecraft:stone_button":2,"botania:pink_mushroom":1,"minecraft:redstone":31,"minecraft:carrot":43,"minecraft:light_blue_bed":5,"hexerei:sage_seed":4,"minecraft:arrow":25,"blue_skies:briskbloom":2,"regions_unexplored:mauve_sapling":4,"regions_unexplored:felicia_daisy":2,"malum:natural_quartz":20,"minecraft:hay_block":55,"minecraft:gold_ingot":2,"malum:rotting_essence":3,"regions_unexplored:purple_lupine":19,"blue_skies:moonstone_shard":97,"minecraft:mutton":3,"minecraft:white_wool":26,"minecraft:basalt":2,"regions_unexplored:hanging_prismarite":5,"minecraft:glow_ink_sac":9,"minecraft:leather":10,"malum:cluster_of_brilliance":4,"doggytalents:rice_grains":4,"minecraft:ice":7,"minecraft:oak_log":14,"blue_skies:turquoise_cobblestone":180,"malum:runewood_log":24,"minecraft:gunpowder":4,"quark:forgotten_hat":1,"regions_unexplored:large_prismarite_cluster":5,"minecraft:stone_bricks":1,"blue_skies:pyrope_gem":22,"iter_rpg:potsherd":4,"blue_skies:lunar_stonebrick":13,"minecraft:iron_ingot":10,"minecraft:cooked_chicken":5,"beachparty:mini_fridge":1,"minecraft:iron_sword":1,"minecraft:flowering_azalea":1,"minecraft:book":63,"blue_skies:turquoise_dirt":6,"minecraft:amethyst_shard":2,"blue_skies:bluebright_log":15,"blue_skies:starlit_log":30,"minecraft:spider_eye":1,"minecraft:leather_helmet":1,"blue_skies:aquite_sword":1,"blue_skies:raw_aquite":13,"regions_unexplored:fireweed":4,"minecraft:cherry_sapling":115,"minecraft:coal":98},"minecraft:broken":{"minecraft:iron_shovel":5,"minecraft:iron_boots":1,"minecraft:iron_sword":1,"quark:forgotten_hat":1,"minecraft:iron_pickaxe":1},"minecraft:dropped":{"minecraft:lapis_lazuli":7,"minecraft:golden_pickaxe":1,"minecraft:glass_bottle":1,"blue_skies:briskbloom":2,"minecraft:orange_tulip":1,"minecraft:leather":1,"blue_skies:aquite_sword":1,"iter_rpg:stone_geode":1,"minecraft:cracked_stone_bricks":1,"farmersdelight:beef_patty":1,"minecraft:leather_helmet":2,"minecraft:flint":2,"minecraft:dirt":415,"blue_skies:turquoise_stone_pickaxe":1,"blue_skies:turquoise_cobblestone":103,"minecraft:mutton":1,"beachparty:rubber_ring_pelican":1,"minecraft:gold_nugget":4,"minecraft:white_wool":1,"regions_unexplored:felicia_daisy":1,"minecraft:bone":6,"minecraft:stone_axe":1,"minecraft:iron_nugget":5,"minecraft:cobbled_deepslate":6,"minecraft:wheat":8,"minecraft:rotten_flesh":33,"minecraft:leather_chestplate":1,"supplementaries:flax_seeds":1,"supplementaries:ash":13,"minecraft:gunpowder":3,"minecraft:leather_leggings":2,"doggytalents:rice_grains":1,"minecraft:arrow":19,"iter_rpg:abyssquartz_block":5,"farmersdelight:tomato_seeds":10,"blue_skies:pyrope_boots":1,"regions_unexplored:fireweed":4,"minecraft:wheat_seeds":10,"minecraft:iron_helmet":1,"minecraft:cobblestone":5,"minecraft:granite":3,"minecraft:coal":3,"regions_unexplored:daisy":1,"blue_skies:bluebright_planks":2,"minecraft:stick":46,"blue_skies:turquoise_stone_axe":1,"mca:book_romance":1,"regions_unexplored:purple_lupine":1,"blue_skies:turquoise_stone_sword":1,"minecraft:iron_leggings":1,"minecraft:paper":2,"minecraft:string":3,"minecraft:redstone":1,"hexerei:sage_seed":1,"blue_skies:brumble":1,"minecraft:stone_sword":1,"minecraft:tuff":7,"minecraft:raw_iron":73,"regions_unexplored:clover":166,"blue_skies:moonstone_shard":1,"regions_unexplored:pink_lupine":3,"botania:pink_mushroom":1,"blue_skies:bluebright_stick":2,"minecraft:potato":9,"minecraft:cobblestone_slab":4,"farmersdelight:flint_knife":1,"botania:lexicon":1,"blue_skies:pyrope_pickaxe":1,"minecraft:iron_chestplate":1,"regions_unexplored:white_magnolia_shrub":2,"minecraft:stone_bricks":1,"minecraft:bow":1,"minecraft:stone_pickaxe":1,"minecraft:wooden_pickaxe":2,"regions_unexplored:blue_lupine":3},"minecraft:killed":{"blue_skies:armored_frost_spirit":9,"minecraft:cave_spider":1,"blue_skies:frost_spirit":1,"minecraft:spider":10,"blue_skies:whistleshell_crab":1,"quark:forgotten":2,"minecraft:skeleton":13,"blue_skies:diophyde_prowler":1,"blue_skies:crynocerous":1,"blue_skies:shrumpty":1,"iter_rpg:spiderling":1,"minecraft:creeper":3,"minecraft:sheep":1,"minecraft:pillager":1,"minecraft:zombie":59,"mca:male_zombie_villager":1,"blue_skies:stardust_ram":1,"minecraft:enderman":2},"minecraft:mined":{"regions_unexplored:blue_lupine":2,"quark:cherry_chest":1,"blue_skies:bluebright_leaves":4,"minecraft:cobblestone_stairs":1,"minecraft:cherry_log":192,"regions_unexplored:magnolia_log":12,"blue_skies:snowcap_pinhead":1,"minecraft:carved_pumpkin":1,"regions_unexplored:pink_magnolia_shrub":1,"malum:soulstone_ore":2,"minecraft:granite":3,"regions_unexplored:hanging_prismarite":2,"minecraft:grass_block":889,"blue_skies:everbright_aquite_ore":13,"minecraft:coal_block":11,"blue_skies:snowcap_mushroom":3,"minecraft:iron_ore":46,"minecraft:cobbled_deepslate":2,"minecraft:fire":3,"malum:natural_quartz_ore":17,"regions_unexplored:purple_lupine":2,"blue_skies:lunar_stonebrick":13,"minecraft:fletching_table":1,"minecraft:azalea":1,"regions_unexplored:prismoss":1,"minecraft:deepslate_redstone_ore":6,"hexerei:herb_drying_rack":1,"regions_unexplored:willow_log":12,"blue_skies:turquoise_stone":81,"blue_skies:turquoise_stonebrick":18,"minecraft:smoker":1,"minecraft:amethyst_cluster":1,"blue_skies:midnight_sand":1,"minecraft:torch":23,"malum:brilliant_deepslate":4,"blue_skies:bluebright_crafting_table":2,"minecraft:cobblestone":35,"minecraft:sugar_cane":5,"minecraft:wall_torch":11,"regions_unexplored:hyssop":2,"iter_rpg:abyssquartz_block":5,"minecraft:grass":16,"regions_unexplored:cherry_shrub":2,"minecraft:oak_log":14,"blue_skies:brittlebush":2,"minecraft:dirt":461,"regions_unexplored:clover":95,"regions_unexplored:prismoss_sprout":5,"minecraft:oak_leaves":1,"minecraft:deepslate":11,"regions_unexplored:fireweed":5,"blue_skies:everbright_pyrope_ore":22,"minecraft:tuff":9,"minecraft:candle":15,"regions_unexplored:pink_lupine":5,"iter_rpg:big_vase":2,"regions_unexplored:large_prismarite_cluster":2,"malum:natural_quartz_cluster":2,"minecraft:hay_block":55,"minecraft:oak_trapdoor":1,"minecraft:furnace":4,"iter_rpg:small_vase":2,"botania:white_mushroom":1,"regions_unexplored:white_magnolia_shrub":2,"blue_skies:everbright_moonstone_ore":56,"minecraft:bookshelf":21,"minecraft:cobblestone_slab":5,"minecraft:deepslate_iron_ore":11,"blue_skies:chillweed":1,"blue_skies:turquoise_dripstone":1,"regions_unexplored:ash_vent":5,"regions_unexplored:medium_grass":29,"irons_spellbooks:inscription_table":2,"minecraft:stone":82,"regions_unexplored:felicia_daisy":2,"blue_skies:tall_turquoise_grass":4,"minecraft:flowering_azalea":1,"blue_skies:turquoise_grass":6,"blue_skies:starlit_log":30,"minecraft:basalt":2,"blue_skies:warding_pearl":1,"minecraft:crafting_table":1,"botania:yellow_double_flower":1,"iter_rpg:vase":1,"botania:pink_mushroom":1,"blue_skies:briskbloom":2,"minecraft:tall_grass":2,"regions_unexplored:mauve_log":13,"minecraft:deepslate_gold_ore":2,"farmersdelight:wild_tomatoes":3,"blue_skies:snowcap_mushroom_block":1,"minecraft:diorite":1,"regions_unexplored:prismarite_cluster":11,"blue_skies:star_flare":1,"supplementaries:urn":10,"blue_skies:turquoise_grass_block":1,"minecraft:light_blue_bed":5,"iter_rpg:abyss_quartz":28,"beachparty:mini_fridge":1,"minecraft:coal_ore":31,"regions_unexplored:magnolia_shrub":1,"blue_skies:bluebright_log":15,"blue_skies:turquoise_dirt":5,"minecraft:cracked_stone_bricks":2,"minecraft:stone_bricks":2,"malum:runewood_log":37,"minecraft:fern":1},"minecraft:custom":{"minecraft:interact_with_crafting_table":55,"minecraft:open_barrel":43,"minecraft:leave_game":4,"minecraft:time_since_death":60513,"minecraft:sprint_one_cm":719290,"minecraft:damage_blocked_by_shield":100,"minecraft:drop":122,"minecraft:talked_to_villager":3,"minecraft:play_time":356308,"minecraft:deaths":12,"minecraft:jump":2769,"minecraft:walk_on_water_one_cm":66981,"minecraft:interact_with_furnace":56,"minecraft:traded_with_villager":2,"minecraft:sleep_in_bed":13,"minecraft:waystone_activated":2,"minecraft:damage_dealt":22435,"minecraft:crouch_one_cm":54647,"minecraft:interact_with_smoker":2,"minecraft:mob_kills":113,"minecraft:climb_one_cm":16293,"minecraft:walk_one_cm":993945,"minecraft:sneak_time":12419,"minecraft:walk_under_water_one_cm":24884,"minecraft:total_world_time":356308,"minecraft:time_since_rest":60541,"minecraft:damage_taken":8685,"minecraft:swim_one_cm":109994,"minecraft:fly_one_cm":346140,"minecraft:open_chest":191,"minecraft:fall_one_cm":62636},"minecraft:used":{"regions_unexplored:pink_lupine":1,"blue_skies:aquite_sword":140,"minecraft:cherry_sapling":14,"stalwart_dungeons:iron_hammer":175,"minecraft:iron_shovel":1468,"minecraft:shield":5,"minecraft:iron_sword":252,"quark:cherry_chest":9,"blue_skies:star_flare":1,"regions_unexplored:willow_planks":29,"regions_unexplored:purple_lupine":1,"minecraft:lava_bucket":4,"farmersdelight:tomato":1,"blue_skies:lunar_stonebrick":11,"minecraft:lantern":1,"blue_skies:bluebright_crafting_table":5,"minecraft:light_blue_bed":5,"regions_unexplored:ash_vent":1,"blue_skies:aquite_pickaxe":24,"minecraft:bow":11,"supplementaries:ash":3,"minecraft:oak_sapling":2,"minecraft:furnace":7,"minecraft:potato":9,"blue_skies:turquoise_stone_pickaxe":31,"botania:gray_mystical_flower":1,"minecraft:stone_pickaxe":10,"regions_unexplored:large_prismarite_cluster":1,"minecraft:oak_planks":4,"minecraft:wooden_pickaxe":3,"minecraft:leather_chestplate":1,"minecraft:sugar_cane":8,"blue_skies:turquoise_stonebrick":14,"blue_skies:aquite_boots":1,"blue_skies:municipal_monkfish":1,"blue_skies:brewberry":4,"minecraft:bread":90,"botania:yellow_double_flower":1,"blue_skies:pyrope_boots":1,"blue_skies:turquoise_stone_axe":58,"minecraft:bone_meal":47,"minecraft:experience_bottle":1,"minecraft:stone_sword":52,"blue_skies:starlit_planks":14,"minecraft:cooked_chicken":5,"malum:crude_scythe":63,"minecraft:torch":148,"minecraft:dirt":76,"blue_skies:turquoise_dirt":6,"farmersdelight:beef_patty":9,"blue_skies:zeal_lighter":2,"minecraft:iron_axe":280,"beachparty:mini_fridge":2,"minecraft:gunpowder":1,"minecraft:basalt":2,"farmersdelight:cooked_mutton_chops":4,"hexerei:herb_drying_rack":1,"minecraft:cobbled_deepslate":9,"minecraft:wheat_seeds":2,"minecraft:water_bucket":18,"minecraft:fletching_table":1,"minecraft:cobblestone_slab":1,"minecraft:crafting_table":4,"minecraft:smoker":1,"minecraft:iron_pickaxe":277,"minecraft:map":1,"minecraft:stone_axe":49,"minecraft:cobblestone":6,"blue_skies:pyrope_pickaxe":137,"minecraft:bucket":23,"quark:oak_chest":4,"minecraft:polished_blackstone_button":1,"beachparty:rubber_ring_pelican":1,"minecraft:candle":1}},"DataVersion":3465}