{"stats":{"minecraft:broken":{"minecraft:iron_shovel":2},"minecraft:dropped":{"farmersdelight:tomato_seeds":10,"minecraft:wheat_seeds":5,"minecraft:lapis_lazuli":7,"minecraft:cobblestone":3,"minecraft:granite":3,"minecraft:leather_helmet":2,"minecraft:stick":6,"mca:book_romance":1,"beachparty:rubber_ring_pelican":1,"minecraft:bone":4,"minecraft:iron_nugget":5,"minecraft:wheat":8,"minecraft:raw_iron":27,"minecraft:rotten_flesh":3,"blue_skies:moonstone_shard":1,"minecraft:leather_chestplate":1,"supplementaries:ash":8,"minecraft:potato":7,"regions_unexplored:white_magnolia_shrub":2,"minecraft:leather_leggings":2,"minecraft:bow":1,"minecraft:wooden_pickaxe":2,"minecraft:stone_pickaxe":1},"minecraft:mined":{"regions_unexplored:blue_lupine":2,"regions_unexplored:pink_lupine":2,"regions_unexplored:magnolia_log":12,"regions_unexplored:pink_magnolia_shrub":1,"malum:soulstone_ore":2,"minecraft:granite":3,"regions_unexplored:hanging_prismarite":2,"minecraft:grass_block":479,"minecraft:coal_block":11,"iter_rpg:big_vase":1,"regions_unexplored:large_prismarite_cluster":2,"minecraft:hay_block":49,"minecraft:oak_trapdoor":1,"minecraft:furnace":2,"minecraft:iron_ore":46,"minecraft:fire":3,"regions_unexplored:white_magnolia_shrub":2,"minecraft:bookshelf":7,"minecraft:deepslate_iron_ore":4,"regions_unexplored:medium_grass":17,"regions_unexplored:prismoss":1,"irons_spellbooks:inscription_table":1,"minecraft:stone":35,"regions_unexplored:willow_log":12,"minecraft:crafting_table":1,"minecraft:torch":12,"botania:pink_mushroom":1,"farmersdelight:wild_tomatoes":3,"minecraft:wall_torch":2,"regions_unexplored:prismarite_cluster":11,"supplementaries:urn":2,"minecraft:light_blue_bed":5,"minecraft:grass":2,"regions_unexplored:cherry_shrub":2,"minecraft:oak_log":14,"minecraft:coal_ore":31,"regions_unexplored:magnolia_shrub":1,"minecraft:dirt":21,"regions_unexplored:clover":69,"regions_unexplored:prismoss_sprout":2,"minecraft:deepslate":5,"minecraft:oak_leaves":1},"minecraft:used":{"minecraft:iron_shovel":583,"minecraft:stone_sword":52,"minecraft:iron_sword":80,"minecraft:cooked_chicken":1,"minecraft:torch":48,"minecraft:dirt":5,"regions_unexplored:willow_planks":29,"farmersdelight:tomato":1,"minecraft:lantern":1,"minecraft:light_blue_bed":5,"minecraft:oak_sapling":2,"minecraft:furnace":4,"minecraft:potato":9,"minecraft:cobbled_deepslate":3,"minecraft:wheat_seeds":2,"minecraft:water_bucket":3,"minecraft:stone_pickaxe":10,"minecraft:oak_planks":4,"minecraft:wooden_pickaxe":3,"minecraft:leather_chestplate":1,"minecraft:crafting_table":4,"minecraft:bread":34,"minecraft:iron_pickaxe":150,"minecraft:stone_axe":49,"minecraft:cobblestone":6,"minecraft:bucket":4,"quark:oak_chest":4,"beachparty:rubber_ring_pelican":1,"minecraft:experience_bottle":1},"minecraft:killed_by":{"minecraft:pillager":2,"minecraft:enderman":2},"minecraft:killed":{"mca:male_zombie_villager":1,"minecraft:spider":2,"minecraft:skeleton":3,"minecraft:pillager":1,"minecraft:zombie":15,"minecraft:enderman":2},"minecraft:crafted":{"minecraft:oak_planks":56,"minecraft:furnace":2,"minecraft:cherry_sapling":2,"minecraft:stone_pickaxe":1,"regions_unexplored:willow_planks":44,"regions_unexplored:willow_slab":6,"regions_unexplored:magnolia_planks":48,"blue_skies:blue_journal":1,"minecraft:crafting_table":3,"minecraft:iron_helmet":1,"minecraft:wooden_pickaxe":1,"botania:lexicon":1,"minecraft:hay_block":6,"minecraft:stone_axe":1,"minecraft:air":0,"minecraft:iron_chestplate":1,"minecraft:stick":24,"quark:oak_chest":4,"minecraft:iron_ingot":47,"minecraft:iron_pickaxe":1,"minecraft:stone_sword":1,"minecraft:iron_shovel":2,"minecraft:iron_leggings":1,"minecraft:torch":48},"minecraft:picked_up":{"minecraft:crafting_table":1,"minecraft:wheat":5,"minecraft:leather_leggings":1,"regions_unexplored:magnolia_log":12,"minecraft:wooden_pickaxe":1,"regions_unexplored:magnolia_shrub":1,"minecraft:string":1,"regions_unexplored:prismarite_cluster":16,"minecraft:experience_bottle":1,"farmersdelight:beef_patty":10,"minecraft:cobbled_deepslate":4,"minecraft:player_head":1,"minecraft:iron_nugget":5,"minecraft:coal_block":11,"irons_spellbooks:inscription_table":1,"minecraft:furnace":2,"minecraft:stick":7,"minecraft:raw_iron":50,"farmersdelight:minced_beef":10,"minecraft:torch":16,"regions_unexplored:blue_lupine":16,"farmersdelight:tomato_seeds":3,"regions_unexplored:pink_magnolia_shrub":1,"minecraft:stone_button":2,"botania:pink_mushroom":1,"minecraft:carrot":43,"minecraft:light_blue_bed":5,"hexerei:sage_seed":1,"minecraft:arrow":3,"minecraft:rotten_flesh":17,"minecraft:hay_block":49,"minecraft:gold_ingot":2,"supplementaries:ash":9,"regions_unexplored:purple_lupine":16,"minecraft:cobblestone":35,"regions_unexplored:hanging_prismarite":5,"regions_unexplored:cherry_shrub":2,"regions_unexplored:white_magnolia_shrub":2,"minecraft:potato":71,"farmersdelight:bacon":8,"minecraft:oak_log":14,"farmersdelight:cooked_bacon":8,"farmersdelight:tomato":1,"minecraft:dirt":498,"minecraft:lantern":2,"farmersdelight:mutton_chops":6,"minecraft:bone":4,"regions_unexplored:large_prismarite_cluster":4,"iter_rpg:ametrine_nugget":1,"minecraft:bow":1,"minecraft:wheat_seeds":17,"minecraft:iron_ingot":3,"minecraft:cooked_chicken":5,"botania:gray_mystical_flower":1,"minecraft:iron_sword":1,"minecraft:book":21,"malum:raw_soulstone":2,"farmersdelight:cooked_mutton_chops":4,"regions_unexplored:pink_lupine":10,"minecraft:leather_helmet":1,"beachparty:rubber_ring_pelican":1,"regions_unexplored:clover":676,"minecraft:granite":3,"regions_unexplored:willow_log":11,"minecraft:emerald":2,"minecraft:oak_sapling":2,"minecraft:coal":31},"minecraft:custom":{"minecraft:mob_kills":24,"minecraft:interact_with_crafting_table":21,"minecraft:open_barrel":3,"minecraft:leave_game":1,"minecraft:time_since_death":22515,"minecraft:climb_one_cm":14219,"minecraft:sprint_one_cm":452608,"minecraft:walk_one_cm":504589,"minecraft:drop":35,"minecraft:talked_to_villager":1,"minecraft:play_time":163910,"minecraft:deaths":4,"minecraft:sneak_time":1947,"minecraft:walk_under_water_one_cm":5972,"minecraft:jump":982,"minecraft:walk_on_water_one_cm":17244,"minecraft:total_world_time":163910,"minecraft:interact_with_furnace":27,"minecraft:traded_with_villager":1,"minecraft:sleep_in_bed":11,"minecraft:time_since_rest":22549,"minecraft:waystone_activated":2,"minecraft:damage_taken":2470,"minecraft:damage_dealt":5317,"minecraft:swim_one_cm":6860,"minecraft:fly_one_cm":75122,"minecraft:open_chest":50,"minecraft:crouch_one_cm":4746,"minecraft:fall_one_cm":18974}},"DataVersion":3465}