{"stats":{"minecraft:killed":{"minecraft:cave_spider":1,"mca:male_zombie_villager":1,"minecraft:spider":6,"quark:forgotten":2,"minecraft:skeleton":10,"iter_rpg:spiderling":1,"minecraft:creeper":1,"minecraft:sheep":1,"minecraft:pillager":1,"minecraft:zombie":43,"minecraft:enderman":2},"minecraft:used":{"minecraft:iron_shovel":638,"minecraft:stone_sword":52,"minecraft:iron_sword":252,"minecraft:cooked_chicken":1,"malum:crude_scythe":63,"minecraft:torch":78,"minecraft:dirt":45,"regions_unexplored:willow_planks":29,"farmersdelight:beef_patty":4,"regions_unexplored:purple_lupine":1,"minecraft:lava_bucket":4,"farmersdelight:tomato":1,"minecraft:iron_axe":1,"minecraft:lantern":1,"minecraft:light_blue_bed":5,"beachparty:mini_fridge":1,"regions_unexplored:ash_vent":1,"minecraft:basalt":2,"minecraft:gunpowder":1,"minecraft:bow":8,"supplementaries:ash":3,"minecraft:oak_sapling":2,"minecraft:furnace":6,"hexerei:herb_drying_rack":1,"minecraft:potato":9,"minecraft:cobbled_deepslate":9,"minecraft:wheat_seeds":2,"minecraft:water_bucket":7,"minecraft:stone_pickaxe":10,"regions_unexplored:large_prismarite_cluster":1,"minecraft:oak_planks":4,"minecraft:wooden_pickaxe":3,"minecraft:leather_chestplate":1,"minecraft:crafting_table":4,"minecraft:bread":57,"minecraft:iron_pickaxe":250,"minecraft:stone_axe":49,"minecraft:cobblestone":6,"minecraft:bucket":12,"quark:oak_chest":4,"beachparty:rubber_ring_pelican":1,"minecraft:experience_bottle":1,"regions_unexplored:pink_lupine":1},"minecraft:custom":{"minecraft:mob_kills":73,"minecraft:interact_with_crafting_table":29,"minecraft:open_barrel":3,"minecraft:leave_game":3,"minecraft:time_since_death":5817,"minecraft:climb_one_cm":14219,"minecraft:sprint_one_cm":509253,"minecraft:walk_one_cm":624605,"minecraft:drop":59,"minecraft:talked_to_villager":1,"minecraft:play_time":217673,"minecraft:deaths":11,"minecraft:sneak_time":4550,"minecraft:walk_under_water_one_cm":13067,"minecraft:jump":1630,"minecraft:total_world_time":217673,"minecraft:walk_on_water_one_cm":51753,"minecraft:interact_with_furnace":44,"minecraft:traded_with_villager":1,"minecraft:sleep_in_bed":11,"minecraft:time_since_rest":5853,"minecraft:waystone_activated":2,"minecraft:damage_taken":5891,"minecraft:damage_dealt":14428,"minecraft:swim_one_cm":6860,"minecraft:fly_one_cm":157068,"minecraft:crouch_one_cm":15372,"minecraft:open_chest":74,"minecraft:fall_one_cm":34722},"minecraft:picked_up":{"minecraft:crafting_table":1,"minecraft:wheat":5,"regions_unexplored:magnolia_log":12,"minecraft:leather_leggings":1,"minecraft:wooden_pickaxe":1,"regions_unexplored:magnolia_shrub":1,"minecraft:string":4,"regions_unexplored:prismarite_cluster":16,"minecraft:raw_copper":15,"minecraft:experience_bottle":1,"farmersdelight:beef_patty":10,"minecraft:gold_nugget":4,"minecraft:cobbled_deepslate":15,"minecraft:player_head":1,"minecraft:iron_nugget":5,"minecraft:coal_block":11,"irons_spellbooks:inscription_table":1,"minecraft:iron_boots":1,"minecraft:furnace":4,"minecraft:stick":7,"minecraft:raw_iron":96,"regions_unexplored:ash_vent":5,"farmersdelight:minced_beef":10,"minecraft:torch":49,"regions_unexplored:blue_lupine":16,"regions_unexplored:pink_magnolia_shrub":1,"farmersdelight:tomato_seeds":3,"minecraft:stone_button":2,"botania:pink_mushroom":1,"minecraft:carrot":43,"minecraft:redstone":31,"minecraft:light_blue_bed":5,"hexerei:sage_seed":1,"minecraft:arrow":22,"minecraft:rotten_flesh":48,"regions_unexplored:felicia_daisy":1,"malum:natural_quartz":20,"minecraft:hay_block":49,"hexerei:herb_drying_rack":1,"minecraft:gold_ingot":2,"malum:rotting_essence":3,"supplementaries:ash":17,"regions_unexplored:purple_lupine":17,"minecraft:mutton":2,"minecraft:white_wool":1,"minecraft:cobblestone":38,"minecraft:basalt":2,"regions_unexplored:hanging_prismarite":5,"minecraft:glow_ink_sac":9,"minecraft:water_bucket":1,"regions_unexplored:cherry_shrub":2,"minecraft:leather":9,"regions_unexplored:white_magnolia_shrub":2,"malum:cluster_of_brilliance":4,"minecraft:potato":72,"doggytalents:rice_grains":2,"farmersdelight:bacon":8,"minecraft:oak_log":14,"supplementaries:flax_seeds":1,"farmersdelight:cooked_bacon":8,"minecraft:gunpowder":1,"farmersdelight:tomato":1,"minecraft:dirt":584,"minecraft:lantern":2,"quark:forgotten_hat":1,"farmersdelight:mutton_chops":6,"minecraft:bone":16,"regions_unexplored:large_prismarite_cluster":5,"iter_rpg:ametrine_nugget":1,"minecraft:bow":2,"minecraft:wheat_seeds":20,"minecraft:raw_gold":2,"malum:earthen_spirit":1,"iter_rpg:potsherd":4,"minecraft:iron_ingot":10,"minecraft:cooked_chicken":5,"beachparty:mini_fridge":1,"minecraft:iron_sword":1,"botania:gray_mystical_flower":2,"minecraft:book":21,"malum:raw_soulstone":2,"iter_rpg:stone_geode":1,"regions_unexplored:pink_lupine":12,"farmersdelight:cooked_mutton_chops":4,"iter_rpg:abyssquartz_block":5,"minecraft:leather_helmet":1,"beachparty:rubber_ring_pelican":1,"iter_rpg:abyssquartz_shard":41,"regions_unexplored:clover":717,"minecraft:granite":3,"regions_unexplored:willow_log":11,"minecraft:emerald":2,"minecraft:oak_sapling":2,"minecraft:coal":98},"minecraft:killed_by":{"irons_spellbooks:summoned_skeleton":1,"minecraft:creeper":1,"minecraft:pillager":2,"minecraft:enderman":2,"quark:forgotten":3,"irons_spellbooks:necromancer":2},"minecraft:mined":{"regions_unexplored:blue_lupine":2,"regions_unexplored:pink_lupine":4,"regions_unexplored:magnolia_log":12,"regions_unexplored:pink_magnolia_shrub":1,"malum:soulstone_ore":2,"regions_unexplored:hanging_prismarite":2,"minecraft:granite":3,"minecraft:grass_block":514,"minecraft:coal_block":11,"iter_rpg:big_vase":2,"regions_unexplored:large_prismarite_cluster":2,"malum:natural_quartz_cluster":2,"minecraft:hay_block":49,"minecraft:oak_trapdoor":1,"minecraft:furnace":4,"iter_rpg:small_vase":2,"minecraft:iron_ore":46,"minecraft:fire":3,"minecraft:cobbled_deepslate":2,"botania:white_mushroom":1,"malum:natural_quartz_ore":17,"regions_unexplored:purple_lupine":1,"regions_unexplored:white_magnolia_shrub":2,"minecraft:bookshelf":7,"minecraft:deepslate_iron_ore":11,"regions_unexplored:ash_vent":5,"regions_unexplored:medium_grass":20,"irons_spellbooks:inscription_table":1,"minecraft:stone":38,"regions_unexplored:prismoss":1,"regions_unexplored:felicia_daisy":1,"minecraft:deepslate_redstone_ore":6,"hexerei:herb_drying_rack":1,"regions_unexplored:willow_log":12,"minecraft:basalt":2,"minecraft:crafting_table":1,"minecraft:torch":15,"iter_rpg:vase":1,"botania:pink_mushroom":1,"malum:brilliant_deepslate":4,"minecraft:tall_grass":2,"farmersdelight:wild_tomatoes":3,"minecraft:deepslate_gold_ore":2,"regions_unexplored:prismarite_cluster":11,"minecraft:wall_torch":7,"supplementaries:urn":10,"minecraft:light_blue_bed":5,"iter_rpg:abyssquartz_block":5,"iter_rpg:abyss_quartz":28,"beachparty:mini_fridge":1,"minecraft:grass":5,"regions_unexplored:cherry_shrub":2,"minecraft:oak_log":14,"minecraft:coal_ore":31,"regions_unexplored:magnolia_shrub":1,"minecraft:dirt":45,"regions_unexplored:clover":71,"regions_unexplored:prismoss_sprout":5,"minecraft:oak_leaves":1,"minecraft:deepslate":11},"minecraft:broken":{"minecraft:iron_shovel":2,"minecraft:iron_sword":1,"quark:forgotten_hat":1},"minecraft:dropped":{"iter_rpg:abyssquartz_block":5,"farmersdelight:tomato_seeds":10,"minecraft:wheat_seeds":6,"minecraft:lapis_lazuli":7,"minecraft:cobblestone":5,"minecraft:granite":3,"iter_rpg:stone_geode":1,"minecraft:leather_helmet":2,"minecraft:stick":6,"mca:book_romance":1,"beachparty:rubber_ring_pelican":1,"minecraft:gold_nugget":4,"minecraft:string":3,"minecraft:redstone":1,"minecraft:bone":4,"minecraft:stone_axe":1,"minecraft:iron_nugget":5,"minecraft:stone_sword":1,"minecraft:cobbled_deepslate":6,"minecraft:wheat":8,"minecraft:raw_iron":73,"minecraft:rotten_flesh":22,"blue_skies:moonstone_shard":1,"botania:pink_mushroom":1,"minecraft:leather_chestplate":1,"supplementaries:flax_seeds":1,"minecraft:potato":8,"supplementaries:ash":13,"farmersdelight:flint_knife":1,"botania:lexicon":1,"regions_unexplored:white_magnolia_shrub":2,"minecraft:leather_leggings":2,"minecraft:bow":1,"minecraft:stone_pickaxe":1,"minecraft:wooden_pickaxe":2},"minecraft:crafted":{"minecraft:smooth_stone":3,"minecraft:oak_planks":56,"minecraft:furnace":2,"minecraft:stone":3,"minecraft:cherry_sapling":2,"minecraft:iron_boots":1,"malum:processed_soulstone":4,"minecraft:iron_axe":1,"doggytalents:giant_stick":1,"malum:crude_scythe":1,"minecraft:stone_pickaxe":1,"regions_unexplored:willow_planks":44,"stalwart_dungeons:iron_hammer":1,"regions_unexplored:willow_slab":6,"regions_unexplored:magnolia_planks":48,"blue_skies:blue_journal":1,"malum:encyclopedia_arcana":1,"beachparty:mini_fridge":1,"minecraft:crafting_table":3,"minecraft:iron_helmet":1,"minecraft:wooden_pickaxe":1,"botania:lexicon":1,"minecraft:copper_ingot":15,"minecraft:hay_block":6,"minecraft:stone_axe":1,"minecraft:air":0,"minecraft:iron_chestplate":1,"minecraft:stick":36,"quark:oak_chest":4,"minecraft:iron_ingot":47,"minecraft:iron_pickaxe":1,"minecraft:stone_sword":1,"minecraft:iron_shovel":3,"minecraft:iron_leggings":1,"minecraft:gold_ingot":2,"minecraft:torch":48}},"DataVersion":3465}