{"stats":{"minecraft:dropped":{"farmersdelight:tomato_seeds":10,"minecraft:wheat_seeds":5,"minecraft:lapis_lazuli":7,"minecraft:wheat":8,"minecraft:cobblestone":3,"blue_skies:moonstone_shard":1,"minecraft:leather_helmet":1,"minecraft:stick":6,"minecraft:potato":7,"mca:book_romance":1,"beachparty:rubber_ring_pelican":1,"minecraft:leather_leggings":1,"regions_unexplored:white_magnolia_shrub":2,"minecraft:stone_pickaxe":1,"minecraft:wooden_pickaxe":2},"minecraft:killed_by":{"minecraft:pillager":2},"minecraft:used":{"minecraft:wheat_seeds":2,"minecraft:stone_sword":52,"minecraft:stone_pickaxe":10,"minecraft:oak_planks":4,"minecraft:wooden_pickaxe":3,"minecraft:leather_chestplate":1,"minecraft:iron_sword":31,"minecraft:cooked_chicken":1,"minecraft:torch":12,"minecraft:crafting_table":2,"regions_unexplored:willow_planks":17,"farmersdelight:tomato":1,"minecraft:lantern":1,"minecraft:bread":23,"minecraft:iron_pickaxe":31,"minecraft:light_blue_bed":5,"minecraft:stone_axe":42,"minecraft:furnace":2,"minecraft:oak_sapling":2,"quark:oak_chest":4,"minecraft:potato":9,"beachparty:rubber_ring_pelican":1,"minecraft:experience_bottle":1},"minecraft:picked_up":{"minecraft:wheat":4,"minecraft:leather_leggings":1,"regions_unexplored:magnolia_log":12,"regions_unexplored:cherry_shrub":2,"regions_unexplored:white_magnolia_shrub":2,"minecraft:wooden_pickaxe":1,"minecraft:potato":71,"farmersdelight:bacon":8,"farmersdelight:cooked_bacon":7,"minecraft:oak_log":14,"regions_unexplored:magnolia_shrub":1,"farmersdelight:tomato":1,"minecraft:string":1,"minecraft:lantern":2,"farmersdelight:mutton_chops":6,"minecraft:experience_bottle":1,"minecraft:wheat_seeds":7,"farmersdelight:beef_patty":4,"minecraft:iron_ingot":3,"minecraft:cooked_chicken":5,"minecraft:player_head":1,"minecraft:coal_block":11,"minecraft:iron_sword":1,"irons_spellbooks:inscription_table":1,"minecraft:furnace":1,"minecraft:book":21,"minecraft:stick":7,"minecraft:raw_iron":1,"farmersdelight:minced_beef":10,"minecraft:torch":1,"farmersdelight:tomato_seeds":3,"regions_unexplored:pink_magnolia_shrub":1,"minecraft:stone_button":2,"minecraft:carrot":43,"minecraft:light_blue_bed":5,"minecraft:leather_helmet":1,"beachparty:rubber_ring_pelican":1,"minecraft:rotten_flesh":14,"minecraft:hay_block":49,"minecraft:emerald":2,"regions_unexplored:willow_log":11,"minecraft:gold_ingot":2,"supplementaries:ash":1,"minecraft:oak_sapling":2,"minecraft:coal":12,"minecraft:cobblestone":19},"minecraft:custom":{"minecraft:interact_with_furnace":11,"minecraft:mob_kills":15,"minecraft:traded_with_villager":1,"minecraft:interact_with_crafting_table":12,"minecraft:open_barrel":3,"minecraft:time_since_death":42845,"minecraft:sleep_in_bed":9,"minecraft:climb_one_cm":14219,"minecraft:time_since_rest":9026,"minecraft:waystone_activated":2,"minecraft:sprint_one_cm":358760,"minecraft:damage_taken":1467,"minecraft:walk_one_cm":355665,"minecraft:drop":25,"minecraft:damage_dealt":3107,"minecraft:swim_one_cm":6860,"minecraft:talked_to_villager":1,"minecraft:fly_one_cm":59773,"minecraft:open_chest":34,"minecraft:play_time":106331,"minecraft:crouch_one_cm":1357,"minecraft:deaths":2,"minecraft:sneak_time":861,"minecraft:walk_under_water_one_cm":5316,"minecraft:jump":745,"minecraft:walk_on_water_one_cm":12439,"minecraft:total_world_time":106331,"minecraft:fall_one_cm":14986},"minecraft:killed":{"minecraft:spider":2,"minecraft:skeleton":1,"minecraft:pillager":1,"minecraft:zombie":11},"minecraft:mined":{"regions_unexplored:willow_log":12,"regions_unexplored:magnolia_log":12,"regions_unexplored:pink_magnolia_shrub":1,"minecraft:coal_block":11,"farmersdelight:wild_tomatoes":3,"minecraft:wall_torch":1,"minecraft:hay_block":49,"minecraft:oak_trapdoor":1,"minecraft:light_blue_bed":5,"minecraft:furnace":1,"minecraft:iron_ore":1,"minecraft:fire":3,"regions_unexplored:white_magnolia_shrub":2,"minecraft:bookshelf":7,"regions_unexplored:cherry_shrub":2,"minecraft:oak_log":14,"minecraft:coal_ore":12,"regions_unexplored:magnolia_shrub":1,"regions_unexplored:clover":7,"regions_unexplored:medium_grass":2,"irons_spellbooks:inscription_table":1,"minecraft:stone":19,"minecraft:oak_leaves":1},"minecraft:crafted":{"blue_skies:blue_journal":1,"minecraft:oak_planks":56,"minecraft:crafting_table":2,"minecraft:wooden_pickaxe":1,"minecraft:furnace":1,"minecraft:hay_block":6,"minecraft:stone_axe":1,"minecraft:stick":12,"quark:oak_chest":4,"minecraft:iron_ingot":1,"minecraft:stone_pickaxe":1,"minecraft:iron_pickaxe":1,"minecraft:stone_sword":1,"regions_unexplored:willow_planks":44,"minecraft:torch":16,"regions_unexplored:magnolia_planks":48}},"DataVersion":3465}