{"stats":{"minecraft:dropped":{"farmersdelight:tomato_seeds":10,"minecraft:wheat_seeds":5,"minecraft:lapis_lazuli":7,"minecraft:wheat":8,"minecraft:cobblestone":3,"blue_skies:moonstone_shard":1,"minecraft:leather_helmet":1,"minecraft:stick":6,"minecraft:potato":7,"mca:book_romance":1,"beachparty:rubber_ring_pelican":1,"minecraft:leather_leggings":1,"regions_unexplored:white_magnolia_shrub":2,"minecraft:stone_pickaxe":1,"minecraft:wooden_pickaxe":2},"minecraft:killed_by":{"minecraft:pillager":2},"minecraft:used":{"minecraft:wheat_seeds":2,"minecraft:water_bucket":1,"minecraft:iron_shovel":583,"minecraft:stone_sword":52,"minecraft:stone_pickaxe":10,"minecraft:oak_planks":4,"minecraft:wooden_pickaxe":3,"minecraft:leather_chestplate":1,"minecraft:iron_sword":36,"minecraft:cooked_chicken":1,"minecraft:torch":14,"minecraft:dirt":5,"minecraft:crafting_table":2,"regions_unexplored:willow_planks":17,"farmersdelight:tomato":1,"minecraft:lantern":1,"minecraft:bread":27,"minecraft:iron_pickaxe":31,"minecraft:stone_axe":42,"minecraft:light_blue_bed":5,"minecraft:oak_sapling":2,"minecraft:furnace":2,"minecraft:bucket":2,"quark:oak_chest":4,"minecraft:potato":9,"beachparty:rubber_ring_pelican":1,"minecraft:experience_bottle":1},"minecraft:picked_up":{"minecraft:wheat":5,"regions_unexplored:magnolia_log":12,"minecraft:leather_leggings":1,"regions_unexplored:cherry_shrub":2,"regions_unexplored:white_magnolia_shrub":2,"minecraft:wooden_pickaxe":1,"minecraft:potato":71,"farmersdelight:bacon":8,"minecraft:oak_log":14,"farmersdelight:cooked_bacon":8,"regions_unexplored:magnolia_shrub":1,"minecraft:string":1,"farmersdelight:tomato":1,"minecraft:dirt":498,"minecraft:lantern":2,"farmersdelight:mutton_chops":6,"minecraft:experience_bottle":1,"minecraft:wheat_seeds":17,"farmersdelight:beef_patty":10,"minecraft:iron_ingot":3,"minecraft:cooked_chicken":5,"minecraft:player_head":1,"minecraft:coal_block":11,"irons_spellbooks:inscription_table":1,"minecraft:iron_sword":1,"botania:gray_mystical_flower":1,"minecraft:furnace":1,"minecraft:book":21,"minecraft:stick":7,"minecraft:raw_iron":1,"farmersdelight:minced_beef":10,"minecraft:torch":1,"regions_unexplored:blue_lupine":16,"farmersdelight:tomato_seeds":3,"regions_unexplored:pink_magnolia_shrub":1,"minecraft:stone_button":2,"minecraft:carrot":43,"minecraft:light_blue_bed":5,"regions_unexplored:pink_lupine":10,"farmersdelight:cooked_mutton_chops":4,"minecraft:leather_helmet":1,"hexerei:sage_seed":1,"beachparty:rubber_ring_pelican":1,"minecraft:rotten_flesh":14,"regions_unexplored:clover":676,"minecraft:hay_block":49,"regions_unexplored:willow_log":11,"minecraft:gold_ingot":2,"minecraft:emerald":2,"supplementaries:ash":1,"regions_unexplored:purple_lupine":16,"minecraft:oak_sapling":2,"minecraft:coal":12,"minecraft:cobblestone":19},"minecraft:custom":{"minecraft:interact_with_furnace":11,"minecraft:mob_kills":16,"minecraft:traded_with_villager":1,"minecraft:interact_with_crafting_table":15,"minecraft:open_barrel":3,"minecraft:leave_game":1,"minecraft:time_since_death":71997,"minecraft:sleep_in_bed":11,"minecraft:climb_one_cm":14219,"minecraft:time_since_rest":13345,"minecraft:waystone_activated":2,"minecraft:sprint_one_cm":409839,"minecraft:damage_taken":1612,"minecraft:walk_one_cm":404138,"minecraft:drop":25,"minecraft:damage_dealt":3307,"minecraft:play_time":135483,"minecraft:crouch_one_cm":1721,"minecraft:swim_one_cm":6860,"minecraft:open_chest":50,"minecraft:fly_one_cm":64035,"minecraft:talked_to_villager":1,"minecraft:deaths":2,"minecraft:sneak_time":1037,"minecraft:walk_under_water_one_cm":5930,"minecraft:jump":787,"minecraft:walk_on_water_one_cm":15142,"minecraft:total_world_time":135483,"minecraft:fall_one_cm":15679},"minecraft:broken":{"minecraft:iron_shovel":2},"minecraft:killed":{"mca:male_zombie_villager":1,"minecraft:spider":2,"minecraft:skeleton":1,"minecraft:pillager":1,"minecraft:zombie":11},"minecraft:mined":{"regions_unexplored:blue_lupine":2,"regions_unexplored:willow_log":12,"regions_unexplored:pink_lupine":2,"regions_unexplored:magnolia_log":12,"regions_unexplored:pink_magnolia_shrub":1,"minecraft:grass_block":479,"minecraft:coal_block":11,"farmersdelight:wild_tomatoes":3,"minecraft:wall_torch":1,"minecraft:hay_block":49,"minecraft:oak_trapdoor":1,"minecraft:furnace":1,"minecraft:light_blue_bed":5,"minecraft:iron_ore":1,"minecraft:fire":3,"regions_unexplored:white_magnolia_shrub":2,"regions_unexplored:cherry_shrub":2,"minecraft:grass":2,"minecraft:bookshelf":7,"minecraft:coal_ore":12,"minecraft:oak_log":14,"regions_unexplored:magnolia_shrub":1,"minecraft:dirt":21,"regions_unexplored:clover":69,"regions_unexplored:medium_grass":17,"irons_spellbooks:inscription_table":1,"minecraft:stone":19,"minecraft:oak_leaves":1},"minecraft:crafted":{"blue_skies:blue_journal":1,"minecraft:oak_planks":56,"minecraft:crafting_table":2,"minecraft:wooden_pickaxe":1,"minecraft:furnace":1,"botania:lexicon":1,"minecraft:cherry_sapling":2,"minecraft:hay_block":6,"minecraft:stone_axe":1,"minecraft:stick":20,"quark:oak_chest":4,"minecraft:stone_pickaxe":1,"minecraft:iron_ingot":1,"minecraft:iron_pickaxe":1,"minecraft:stone_sword":1,"minecraft:iron_shovel":2,"regions_unexplored:willow_planks":44,"minecraft:torch":32,"regions_unexplored:magnolia_planks":48}},"DataVersion":3465}