{"stats":{"minecraft:picked_up":{"minecraft:book":21,"minecraft:wheat":4,"minecraft:wheat_seeds":7,"minecraft:potato":71,"minecraft:hay_block":26,"farmersdelight:tomato_seeds":3,"minecraft:carrot":43,"minecraft:light_blue_bed":1,"farmersdelight:tomato":1},"minecraft:custom":{"minecraft:open_chest":23,"minecraft:time_since_rest":5065,"minecraft:sprint_one_cm":30356,"minecraft:crouch_one_cm":112,"minecraft:play_time":17547,"minecraft:damage_taken":30,"minecraft:walk_one_cm":65859,"minecraft:sneak_time":57,"minecraft:drop":7,"minecraft:jump":37,"minecraft:walk_on_water_one_cm":388,"minecraft:time_since_death":17547,"minecraft:sleep_in_bed":2,"minecraft:climb_one_cm":2482,"minecraft:total_world_time":17547,"minecraft:fall_one_cm":819,"minecraft:fly_one_cm":2139},"minecraft:dropped":{"minecraft:potato":7},"minecraft:used":{"minecraft:wheat_seeds":2,"farmersdelight:tomato":1,"minecraft:bread":2,"minecraft:potato":9},"minecraft:mined":{"minecraft:hay_block":26,"minecraft:bookshelf":7,"minecraft:light_blue_bed":1,"farmersdelight:wild_tomatoes":3}},"DataVersion":3465}