{"stats":{"minecraft:crafted":{"minecraft:smooth_stone":3,"minecraft:oak_planks":56,"minecraft:stone":3,"quark:cherry_chest":8,"minecraft:bow":1,"minecraft:iron_boots":1,"regions_unexplored:willow_planks":44,"stalwart_dungeons:iron_hammer":1,"blue_skies:blue_journal":1,"malum:encyclopedia_arcana":1,"beachparty:mini_fridge":1,"minecraft:crafting_table":3,"minecraft:wooden_pickaxe":1,"minecraft:iron_helmet":1,"minecraft:copper_ingot":15,"minecraft:hay_block":6,"minecraft:iron_chestplate":1,"minecraft:stick":48,"quark:oak_chest":4,"minecraft:iron_ingot":47,"minecraft:iron_pickaxe":1,"minecraft:stone_sword":1,"minecraft:gold_ingot":2,"minecraft:cherry_planks":64,"minecraft:furnace":2,"blue_skies:zeal_lighter":1,"minecraft:cherry_sapling":4,"minecraft:bone_meal":48,"malum:processed_soulstone":4,"minecraft:iron_axe":3,"doggytalents:giant_stick":1,"malum:crude_scythe":1,"minecraft:stone_pickaxe":1,"regions_unexplored:willow_slab":6,"regions_unexplored:magnolia_planks":48,"botania:lexicon":1,"minecraft:stone_axe":1,"minecraft:air":0,"minecraft:iron_shovel":7,"minecraft:iron_leggings":1,"minecraft:torch":80},"minecraft:picked_up":{"minecraft:wheat":5,"regions_unexplored:magnolia_log":12,"regions_unexplored:magnolia_shrub":1,"minecraft:raw_copper":15,"regions_unexplored:prismarite_cluster":16,"minecraft:string":4,"minecraft:experience_bottle":1,"minecraft:cobbled_deepslate":15,"minecraft:gold_nugget":4,"minecraft:cobblestone_slab":5,"minecraft:azalea":1,"minecraft:coal_block":11,"irons_spellbooks:inscription_table":2,"minecraft:iron_boots":1,"minecraft:furnace":4,"minecraft:stick":54,"minecraft:torch":53,"quark:cherry_chest":1,"regions_unexplored:pink_magnolia_shrub":1,"minecraft:cherry_log":160,"minecraft:rotten_flesh":51,"minecraft:carved_pumpkin":1,"hexerei:herb_drying_rack":1,"supplementaries:ash":17,"minecraft:cobblestone":113,"minecraft:water_bucket":1,"regions_unexplored:cherry_shrub":2,"regions_unexplored:white_magnolia_shrub":2,"minecraft:potato":72,"farmersdelight:bacon":8,"farmersdelight:cooked_bacon":8,"minecraft:tuff":8,"supplementaries:flax_seeds":1,"minecraft:dirt":1013,"farmersdelight:tomato":1,"minecraft:lantern":2,"farmersdelight:mutton_chops":6,"minecraft:bone":20,"iter_rpg:ametrine_nugget":1,"minecraft:wheat_seeds":23,"minecraft:bow":3,"minecraft:raw_gold":2,"malum:earthen_spirit":1,"minecraft:fletching_table":1,"botania:gray_mystical_flower":2,"malum:raw_soulstone":2,"botania:yellow_double_flower":1,"iter_rpg:stone_geode":1,"farmersdelight:cooked_mutton_chops":4,"regions_unexplored:pink_lupine":16,"iter_rpg:abyssquartz_block":5,"beachparty:rubber_ring_pelican":1,"minecraft:polished_blackstone_button":1,"iter_rpg:abyssquartz_shard":41,"regions_unexplored:clover":984,"minecraft:granite":3,"blue_skies:turquoise_stonebrick":14,"regions_unexplored:willow_log":11,"minecraft:emerald":2,"minecraft:oak_sapling":2,"minecraft:crafting_table":1,"minecraft:leather_leggings":1,"minecraft:wooden_pickaxe":1,"minecraft:cracked_stone_bricks":1,"farmersdelight:beef_patty":10,"minecraft:candle":55,"minecraft:player_head":1,"minecraft:iron_nugget":5,"minecraft:sugar_cane":8,"minecraft:raw_iron":96,"regions_unexplored:ash_vent":5,"farmersdelight:minced_beef":10,"regions_unexplored:blue_lupine":22,"farmersdelight:tomato_seeds":3,"minecraft:stone_button":2,"botania:pink_mushroom":1,"minecraft:redstone":31,"minecraft:carrot":43,"minecraft:light_blue_bed":5,"hexerei:sage_seed":2,"minecraft:arrow":24,"regions_unexplored:felicia_daisy":2,"malum:natural_quartz":20,"minecraft:hay_block":49,"minecraft:gold_ingot":2,"malum:rotting_essence":3,"regions_unexplored:purple_lupine":19,"minecraft:mutton":2,"minecraft:white_wool":1,"minecraft:basalt":2,"regions_unexplored:hanging_prismarite":5,"minecraft:glow_ink_sac":9,"minecraft:leather":9,"malum:cluster_of_brilliance":4,"doggytalents:rice_grains":3,"minecraft:oak_log":14,"minecraft:gunpowder":4,"quark:forgotten_hat":1,"regions_unexplored:large_prismarite_cluster":5,"minecraft:stone_bricks":1,"iter_rpg:potsherd":4,"minecraft:iron_ingot":10,"minecraft:cooked_chicken":5,"beachparty:mini_fridge":1,"minecraft:iron_sword":1,"minecraft:flowering_azalea":1,"minecraft:book":63,"minecraft:amethyst_shard":2,"minecraft:spider_eye":1,"minecraft:leather_helmet":1,"minecraft:cherry_sapling":98,"minecraft:coal":98},"minecraft:used":{"regions_unexplored:pink_lupine":1,"minecraft:cherry_sapling":14,"stalwart_dungeons:iron_hammer":117,"minecraft:iron_shovel":1186,"minecraft:iron_sword":252,"quark:cherry_chest":9,"regions_unexplored:willow_planks":29,"regions_unexplored:purple_lupine":1,"minecraft:lava_bucket":4,"farmersdelight:tomato":1,"minecraft:lantern":1,"minecraft:light_blue_bed":5,"regions_unexplored:ash_vent":1,"minecraft:bow":9,"supplementaries:ash":3,"minecraft:furnace":6,"minecraft:oak_sapling":2,"minecraft:potato":9,"botania:gray_mystical_flower":1,"regions_unexplored:large_prismarite_cluster":1,"minecraft:stone_pickaxe":10,"minecraft:oak_planks":4,"minecraft:leather_chestplate":1,"minecraft:wooden_pickaxe":3,"minecraft:sugar_cane":8,"blue_skies:turquoise_stonebrick":14,"minecraft:bread":69,"botania:yellow_double_flower":1,"minecraft:bone_meal":47,"minecraft:experience_bottle":1,"minecraft:stone_sword":52,"minecraft:cooked_chicken":1,"malum:crude_scythe":63,"minecraft:torch":113,"minecraft:dirt":47,"farmersdelight:beef_patty":6,"blue_skies:zeal_lighter":1,"minecraft:iron_axe":182,"beachparty:mini_fridge":2,"minecraft:basalt":2,"minecraft:gunpowder":1,"hexerei:herb_drying_rack":1,"minecraft:cobbled_deepslate":9,"minecraft:wheat_seeds":2,"minecraft:water_bucket":8,"minecraft:fletching_table":1,"minecraft:cobblestone_slab":1,"minecraft:crafting_table":4,"minecraft:iron_pickaxe":277,"minecraft:stone_axe":49,"minecraft:cobblestone":6,"minecraft:bucket":13,"quark:oak_chest":4,"minecraft:polished_blackstone_button":1,"beachparty:rubber_ring_pelican":1,"minecraft:candle":1},"minecraft:killed_by":{"minecraft:creeper":1,"minecraft:pillager":2,"quark:forgotten":3,"irons_spellbooks:summoned_skeleton":1,"minecraft:enderman":2,"irons_spellbooks:necromancer":2},"minecraft:custom":{"minecraft:interact_with_crafting_table":36,"minecraft:open_barrel":40,"minecraft:leave_game":3,"minecraft:time_since_death":71279,"minecraft:sprint_one_cm":598438,"minecraft:drop":82,"minecraft:talked_to_villager":2,"minecraft:play_time":283135,"minecraft:deaths":11,"minecraft:jump":1993,"minecraft:walk_on_water_one_cm":58611,"minecraft:interact_with_furnace":44,"minecraft:traded_with_villager":2,"minecraft:sleep_in_bed":13,"minecraft:waystone_activated":2,"minecraft:damage_dealt":16164,"minecraft:crouch_one_cm":45776,"minecraft:mob_kills":82,"minecraft:climb_one_cm":14649,"minecraft:walk_one_cm":784266,"minecraft:sneak_time":10345,"minecraft:walk_under_water_one_cm":16339,"minecraft:total_world_time":283135,"minecraft:time_since_rest":10796,"minecraft:damage_taken":6485,"minecraft:swim_one_cm":46598,"minecraft:fly_one_cm":211414,"minecraft:open_chest":135,"minecraft:fall_one_cm":42670},"minecraft:killed":{"minecraft:cave_spider":1,"minecraft:spider":8,"quark:forgotten":2,"minecraft:skeleton":12,"iter_rpg:spiderling":1,"minecraft:creeper":3,"minecraft:sheep":1,"minecraft:pillager":1,"minecraft:zombie":46,"mca:male_zombie_villager":1,"minecraft:enderman":2},"minecraft:mined":{"regions_unexplored:blue_lupine":2,"quark:cherry_chest":1,"minecraft:cobblestone_stairs":1,"minecraft:cherry_log":160,"regions_unexplored:magnolia_log":12,"minecraft:carved_pumpkin":1,"regions_unexplored:pink_magnolia_shrub":1,"malum:soulstone_ore":2,"minecraft:granite":3,"regions_unexplored:hanging_prismarite":2,"minecraft:grass_block":758,"minecraft:coal_block":11,"minecraft:iron_ore":46,"minecraft:cobbled_deepslate":2,"minecraft:fire":3,"malum:natural_quartz_ore":17,"regions_unexplored:purple_lupine":2,"minecraft:fletching_table":1,"minecraft:azalea":1,"regions_unexplored:prismoss":1,"minecraft:deepslate_redstone_ore":6,"hexerei:herb_drying_rack":1,"regions_unexplored:willow_log":12,"blue_skies:turquoise_stonebrick":14,"minecraft:amethyst_cluster":1,"minecraft:torch":15,"malum:brilliant_deepslate":4,"minecraft:cobblestone":35,"minecraft:sugar_cane":4,"minecraft:wall_torch":10,"iter_rpg:abyssquartz_block":5,"minecraft:grass":8,"regions_unexplored:cherry_shrub":2,"minecraft:oak_log":14,"minecraft:dirt":321,"regions_unexplored:clover":86,"regions_unexplored:prismoss_sprout":5,"minecraft:oak_leaves":1,"minecraft:deepslate":11,"minecraft:tuff":9,"minecraft:candle":15,"regions_unexplored:pink_lupine":5,"iter_rpg:big_vase":2,"regions_unexplored:large_prismarite_cluster":2,"malum:natural_quartz_cluster":2,"minecraft:hay_block":49,"minecraft:oak_trapdoor":1,"minecraft:furnace":4,"iter_rpg:small_vase":2,"botania:white_mushroom":1,"regions_unexplored:white_magnolia_shrub":2,"minecraft:bookshelf":21,"minecraft:deepslate_iron_ore":11,"minecraft:cobblestone_slab":5,"regions_unexplored:ash_vent":5,"regions_unexplored:medium_grass":27,"irons_spellbooks:inscription_table":2,"minecraft:stone":82,"regions_unexplored:felicia_daisy":2,"minecraft:flowering_azalea":1,"minecraft:basalt":2,"minecraft:crafting_table":1,"botania:yellow_double_flower":1,"iter_rpg:vase":1,"botania:pink_mushroom":1,"minecraft:tall_grass":2,"minecraft:deepslate_gold_ore":2,"farmersdelight:wild_tomatoes":3,"minecraft:diorite":1,"regions_unexplored:prismarite_cluster":11,"supplementaries:urn":10,"minecraft:light_blue_bed":5,"iter_rpg:abyss_quartz":28,"beachparty:mini_fridge":1,"minecraft:coal_ore":31,"regions_unexplored:magnolia_shrub":1,"minecraft:cracked_stone_bricks":2,"minecraft:stone_bricks":2,"minecraft:fern":1},"minecraft:dropped":{"minecraft:lapis_lazuli":7,"minecraft:glass_bottle":1,"iter_rpg:stone_geode":1,"minecraft:cracked_stone_bricks":1,"minecraft:leather_helmet":2,"minecraft:dirt":384,"beachparty:rubber_ring_pelican":1,"minecraft:gold_nugget":4,"regions_unexplored:felicia_daisy":1,"minecraft:bone":4,"minecraft:stone_axe":1,"minecraft:iron_nugget":5,"minecraft:cobbled_deepslate":6,"minecraft:wheat":8,"minecraft:rotten_flesh":22,"minecraft:leather_chestplate":1,"supplementaries:flax_seeds":1,"supplementaries:ash":13,"minecraft:gunpowder":3,"minecraft:leather_leggings":2,"doggytalents:rice_grains":1,"minecraft:arrow":18,"farmersdelight:tomato_seeds":10,"iter_rpg:abyssquartz_block":5,"minecraft:wheat_seeds":6,"minecraft:cobblestone":5,"minecraft:granite":3,"minecraft:stick":6,"mca:book_romance":1,"regions_unexplored:purple_lupine":1,"minecraft:string":3,"minecraft:redstone":1,"minecraft:stone_sword":1,"minecraft:tuff":7,"minecraft:raw_iron":73,"regions_unexplored:clover":166,"blue_skies:moonstone_shard":1,"regions_unexplored:pink_lupine":3,"botania:pink_mushroom":1,"minecraft:potato":8,"minecraft:cobblestone_slab":4,"farmersdelight:flint_knife":1,"botania:lexicon":1,"regions_unexplored:white_magnolia_shrub":2,"minecraft:stone_bricks":1,"minecraft:bow":1,"minecraft:stone_pickaxe":1,"minecraft:wooden_pickaxe":2,"regions_unexplored:blue_lupine":3},"minecraft:broken":{"minecraft:iron_shovel":4,"minecraft:iron_sword":1,"quark:forgotten_hat":1,"minecraft:iron_pickaxe":1}},"DataVersion":3465}