{"stats":{"minecraft:picked_up":{"blue_skies:vitreous_moonstone":1,"minecraft:stick":2,"minecraft:bone":2,"minecraft:sugar":1,"blue_skies:horizofin_tunid":1,"thaumia:witch_hat_helmet":1},"minecraft:killed":{"blue_skies:horizofin_tunid":1,"minecraft:vindicator":1,"minecraft:witch":1,"blue_skies:crystal_camel":1},"minecraft:mined":{"blue_skies:vitreous_moonstone":1},"minecraft:used":{"minecraft:cooked_mutton":5,"iceandfire:tide_trident":11,"minecraft:potion":1,"minecraft:iron_pickaxe":1,"minecraft:splash_potion":1},"minecraft:custom":{"minecraft:open_chest":2,"minecraft:time_since_rest":493,"minecraft:deaths":1,"minecraft:sprint_one_cm":20516,"minecraft:play_time":12874,"minecraft:damage_taken":720,"minecraft:walk_one_cm":45053,"minecraft:walk_under_water_one_cm":1759,"minecraft:mob_kills":4,"minecraft:drop":1,"minecraft:interact_with_brewingstand":4,"minecraft:jump":95,"minecraft:damage_dealt":940,"minecraft:leave_game":1,"minecraft:walk_on_water_one_cm":1171,"minecraft:time_since_death":461,"minecraft:total_world_time":12874,"minecraft:swim_one_cm":3881,"minecraft:fall_one_cm":3215,"minecraft:fly_one_cm":12001},"minecraft:killed_by":{"minecraft:vindicator":1},"minecraft:dropped":{"alexsmobs:animal_dictionary":1}},"DataVersion":3465}